,,Lower 95% CI (mean),Central Estimate (mean),Upper 95% CI (mean)
E12000001,North East,"27,100","27,400","27,700"
E14000554,Berwick-upon-Tweed,"22,200","23,900","25,600"
E14000569,Bishop Auckland,"25,100","26,600","28,100"
E14000574,Blaydon,"26,800","28,400","30,000"
E14000575,Blyth Valley,"24,100","25,400","26,600"
E14000641,City of Durham,"31,000","33,100","35,100"
E14000658,Darlington,"24,900","26,300","27,700"
E14000677,Easington,"25,000","26,700","28,400"
E14000709,Gateshead,"24,600","26,100","27,500"
E14000733,Hartlepool,"24,400","26,000","27,700"
E14000746,Hexham,"30,000","32,300","34,600"
E14000754,Houghton and Sunderland South,"24,700","26,100","27,600"
E14000765,Jarrow,"24,000","25,300","26,600"
E14000819,Middlesbrough,"23,000","24,500","26,000"
E14000820,Middlesbrough South and East Cleveland,"26,800","28,400","29,900"
E14000831,Newcastle upon Tyne Central,"24,600","26,400","28,100"
E14000832,Newcastle upon Tyne East,"25,300","26,900","28,600"
E14000833,Newcastle upon Tyne North,"28,300","29,900","31,600"
E14000840,North Durham,"25,000","26,500","28,100"
E14000853,North Tyneside,"25,800","27,200","28,700"
E14000856,North West Durham,"25,900","27,600","29,200"
E14000891,Redcar,"23,500","25,100","26,700"
E14000915,Sedgefield,"25,600","27,100","28,600"
E14000944,South Shields,"24,400","26,000","27,700"
E14000970,Stockton North,"25,800","28,600","31,300"
E14000971,Stockton South,"29,600","31,400","33,100"
E14000982,Sunderland Central,"24,600","26,000","27,400"
E14001006,Tynemouth,"27,900","29,600","31,300"
E14001014,Wansbeck,"25,800","27,600","29,400"
E14001020,Washington and Sunderland West,"24,700","26,100","27,500"
,,,,
E12000002,North West,"28,600","28,800","29,100"
,,,,
E14000532,Altrincham and Sale West,"41,600","45,200","48,800"
E14000537,Ashton-under-Lyne,"23,100","24,500","26,000"
E14000543,Barrow and Furness,"25,300","27,000","28,600"
E14000559,Birkenhead,"25,700","27,300","28,800"
E14000570,Blackburn,"22,800","24,000","25,300"
E14000571,Blackley and Broughton,"22,100","23,400","24,600"
E14000572,Blackpool North and Cleveleys,"22,000","23,200","24,400"
E14000573,Blackpool South,"21,800","23,200","24,500"
E14000578,Bolton North East,"24,200","25,500","26,900"
E14000579,Bolton South East,"22,600","23,800","25,000"
E14000580,Bolton West,"28,300","29,900","31,500"
E14000581,Bootle,"25,400","26,700","28,100"
E14000609,Burnley,"22,200","23,400","24,600"
E14000611,Bury North,"25,900","27,600","29,200"
E14000612,Bury South,"26,700","28,100","29,600"
E14000620,Carlisle,"24,600","26,000","27,400"
E14000627,Cheadle,"34,300","36,400","38,500"
E14000637,Chorley,"27,100","28,700","30,400"
E14000640,City of Chester,"31,900","33,900","36,000"
E14000646,Congleton,"34,400","36,900","39,400"
E14000647,Copeland,"30,600","32,600","34,500"
E14000653,Crewe and Nantwich,"28,100","29,600","31,100"
E14000661,Denton and Reddish,"24,400","25,700","26,900"
E14000686,Eddisbury,"30,300","32,300","34,300"
E14000688,Ellesmere Port and Neston,"27,900","29,600","31,200"
E14000706,Fylde,"27,000","28,800","30,600"
E14000708,Garston and Halewood,"29,400","33,100","36,800"
E14000725,Halton,"28,000","29,800","31,600"
E14000738,Hazel Grove,"27,900","29,600","31,200"
E14000747,Heywood and Middleton,"26,700","28,100","29,500"
E14000758,Hyndburn,"23,700","25,200","26,800"
E14000775,Knowsley,"24,300","25,500","26,700"
E14000776,Lancaster and Fleetwood,"27,300","29,200","31,000"
E14000785,Leigh,"25,900","27,200","28,500"
E14000793,"Liverpool, Riverside","28,800","31,400","33,900"
E14000794,"Liverpool, Walton","22,600","23,800","24,900"
E14000795,"Liverpool, Wavertree","26,900","28,500","30,200"
E14000796,"Liverpool, West Derby","24,600","26,000","27,300"
E14000802,Macclesfield,"32,200","34,400","36,500"
E14000805,Makerfield,"26,000","27,400","28,800"
E14000807,Manchester Central,"26,500","28,600","30,600"
E14000808,"Manchester, Gorton","23,300","24,500","25,700"
E14000809,"Manchester, Withington","31,100","32,800","34,500"
E14000825,Morecambe and Lunesdale,"23,400","24,700","26,100"
E14000870,Oldham East and Saddleworth,"24,800","26,200","27,500"
E14000871,Oldham West and Royton,"23,000","24,100","25,200"
E14000875,Pendle,"23,000","24,300","25,600"
E14000877,Penrith and The Border,"25,800","27,500","29,200"
E14000885,Preston,"22,300","23,700","25,100"
E14000894,Ribble Valley,"28,900","30,800","32,600"
E14000897,Rochdale,"24,000","25,200","26,400"
E14000902,Rossendale and Darwen,"25,600","26,900","28,200"
E14000911,Salford and Eccles,"27,000","28,200","29,500"
E14000916,Sefton Central,"26,800","38,200","49,700"
E14000943,South Ribble,"28,500","30,100","31,800"
E14000958,Southport,"25,900","27,900","29,900"
E14000962,St Helens North,"25,500","26,700","28,000"
E14000963,St Helens South and Whiston,"25,700","27,000","28,300"
E14000967,Stalybridge and Hyde,"25,700","27,200","28,700"
E14000969,Stockport,"27,400","28,900","30,500"
E14000979,Stretford and Urmston,"25,900","27,300","28,800"
E14000987,Tatton,"37,800","41,900","46,000"
E14001010,Wallasey,"23,700","25,200","26,700"
E14001017,Warrington North,"28,100","29,600","31,100"
E14001018,Warrington South,"32,000","33,700","35,500"
E14001024,Weaver Vale,"29,900","31,900","33,900"
E14001033,West Lancashire,"27,400","28,900","30,400"
E14001037,Westmorland and Lonsdale,"24,200","25,800","27,400"
E14001039,Wigan,"25,800","27,200","28,600"
E14001043,Wirral South,"29,000","30,700","32,500"
E14001044,Wirral West,"29,200","31,400","33,600"
E14001053,Workington,"28,700","30,500","32,300"
E14001054,Worsley and Eccles South,"26,700","28,500","30,400"
E14001057,Wyre and Preston North,"28,800","30,700","32,600"
E14001059,Wythenshawe and Sale East,"26,900","28,200","29,500"
,,,,
E12000003,Yorkshire and the Humber,"27,600","27,800","28,000"
,,,,
E14000541,Barnsley Central,"22,000","23,100","24,300"
E14000542,Barnsley East,"23,300","24,500","25,700"
E14000548,Batley and Spen,"26,800","28,200","29,700"
E14000556,Beverley and Holderness,"25,700","27,200","28,700"
E14000587,Bradford East,"22,600","23,900","25,200"
E14000588,Bradford South,"23,100","24,500","25,800"
E14000589,Bradford West,"22,800","24,200","25,700"
E14000596,Brigg and Goole,"26,900","28,600","30,300"
E14000614,Calder Valley,"27,700","29,400","31,000"
E14000643,Cleethorpes,"25,900","27,500","29,100"
E14000645,Colne Valley,"26,800","28,300","29,700"
E14000666,Dewsbury,"25,700","27,300","28,800"
E14000667,Don Valley,"27,100","29,100","31,100"
E14000668,Doncaster Central,"23,000","24,100","25,200"
E14000669,Doncaster North,"23,900","27,200","30,600"
E14000683,East Yorkshire,"25,200","26,800","28,500"
E14000689,Elmet and Rothwell,"32,700","35,300","37,900"
E14000716,Great Grimsby,"23,400","24,700","26,000"
E14000723,Halifax,"25,400","26,800","28,300"
E14000724,Haltemprice and Howden,"30,600","33,300","36,000"
E14000730,Harrogate and Knaresborough,"29,900","32,000","34,000"
E14000740,Hemsworth,"26,200","27,500","28,700"
E14000756,Huddersfield,"24,900","26,500","28,100"
E14000766,Keighley,"28,000","29,700","31,500"
E14000771,Kingston upon Hull East,"22,200","23,400","24,600"
E14000772,Kingston upon Hull North,"22,900","24,100","25,300"
E14000773,Kingston upon Hull West and Hessle,"22,500","23,900","25,400"
E14000777,Leeds Central,"25,300","27,100","28,800"
E14000778,Leeds East,"24,500","25,900","27,400"
E14000779,Leeds North East,"30,400","32,400","34,300"
E14000780,Leeds North West,"28,800","30,800","32,800"
E14000781,Leeds West,"23,800","24,800","25,900"
E14000826,Morley and Outwood,"27,600","28,800","30,100"
E14000836,"Normanton, Pontefract and Castleford","25,800","27,000","28,200"
E14000876,Penistone and Stocksbridge,"27,200","28,600","30,100"
E14000886,Pudsey,"31,800","33,700","35,500"
E14000895,Richmond (Yorks),"28,100","29,800","31,500"
E14000903,Rother Valley,"25,200","26,600","28,000"
E14000904,Rotherham,"22,600","23,800","25,000"
E14000913,Scarborough and Whitby,"23,200","24,800","26,500"
E14000914,Scunthorpe,"24,200","25,500","26,800"
E14000917,Selby and Ainsty,"29,600","31,600","33,600"
E14000919,Sheffield Central,"25,200","28,500","31,800"
E14000920,Sheffield South East,"25,100","26,400","27,700"
E14000921,"Sheffield, Brightside and Hillsborough","21,600","22,800","24,000"
E14000922,"Sheffield, Hallam","33,400","35,500","37,600"
E14000923,"Sheffield, Heeley","23,700","25,100","26,400"
E14000925,Shipley,"27,200","28,500","29,800"
E14000928,Skipton and Ripon,"27,600","29,500","31,500"
E14000993,Thirsk and Malton,"27,500","29,200","30,800"
E14001009,Wakefield,"25,400","26,900","28,400"
E14001028,Wentworth and Dearne,"24,400","25,900","27,300"
E14001061,York Central,"27,200","28,600","30,000"
E14001062,York Outer,"31,000","34,800","38,600"
,,,,
E12000004,East Midlands,"28,400","28,700","28,900"
,,,,
E14000533,Amber Valley,"26,700","28,200","29,800"
E14000535,Ashfield,"24,800","26,100","27,300"
E14000546,Bassetlaw,"25,600","27,100","28,500"
E14000577,Bolsover,"25,200","26,700","28,100"
E14000582,Boston and Skegness,"21,900","23,100","24,300"
E14000583,Bosworth,"28,500","30,000","31,500"
E14000607,Broxtowe,"29,800","31,600","33,300"
E14000625,Charnwood,"29,100","30,600","32,000"
E14000632,Chesterfield,"25,100","26,600","28,000"
E14000648,Corby,"27,900","29,100","30,400"
E14000660,Daventry,"32,900","35,000","37,200"
E14000662,Derby North,"27,200","28,700","30,300"
E14000663,Derby South,"25,200","27,300","29,400"
E14000664,Derbyshire Dales,"29,700","32,200","34,700"
E14000695,Erewash,"25,600","26,900","28,200"
E14000707,Gainsborough,"26,700","28,300","29,800"
E14000710,Gedling,"24,700","25,900","27,100"
E14000714,Grantham and Stamford,"28,500","30,000","31,500"
E14000728,Harborough,"29,200","30,800","32,400"
E14000748,High Peak,"26,600","28,100","29,600"
E14000769,Kettering,"26,200","27,700","29,100"
E14000782,Leicester East,"21,300","22,400","23,400"
E14000783,Leicester South,"24,600","25,800","27,100"
E14000784,Leicester West,"22,300","23,400","24,400"
E14000792,Lincoln,"24,000","25,200","26,400"
E14000797,Loughborough,"27,600","29,300","31,100"
E14000798,Louth and Horncastle,"23,600","25,100","26,700"
E14000810,Mansfield,"24,100","25,400","26,600"
E14000814,Mid Derbyshire,"30,500","32,500","34,600"
E14000829,Newark,"28,200","30,000","31,800"
E14000843,North East Derbyshire,"25,800","27,400","29,000"
E14000858,North West Leicestershire,"29,500","31,400","33,300"
E14000861,Northampton North,"26,200","27,600","28,900"
E14000862,Northampton South,"25,400","26,700","28,000"
E14000865,Nottingham East,"24,000","25,600","27,100"
E14000866,Nottingham North,"22,300","23,500","24,600"
E14000867,Nottingham South,"27,400","29,300","31,300"
E14000908,Rushcliffe,"32,900","35,600","38,400"
E14000909,Rutland and Melton,"30,400","33,200","36,000"
E14000924,Sherwood,"25,000","26,500","27,900"
E14000929,Sleaford and North Hykeham,"27,700","29,200","30,700"
E14000935,South Derbyshire,"31,400","33,200","34,900"
E14000939,South Holland and The Deepings,"25,600","27,000","28,400"
E14000940,South Leicestershire,"27,400","28,900","30,300"
E14000942,South Northamptonshire,"37,100","39,200","41,400"
E14001025,Wellingborough,"26,600","27,900","29,200"
,,,,
E12000005,West Midlands,"28,500","28,800","29,000"
,,,,
E14000531,Aldridge-Brownhills,"28,100","30,000","31,900"
E14000560,"Birmingham, Edgbaston","31,400","33,400","35,400"
E14000561,"Birmingham, Erdington","22,200","23,400","24,500"
E14000562,"Birmingham, Hall Green","27,000","28,700","30,400"
E14000563,"Birmingham, Hodge Hill","22,100","23,200","24,300"
E14000564,"Birmingham, Ladywood","25,400","27,100","28,900"
E14000565,"Birmingham, Northfield","26,700","28,000","29,200"
E14000566,"Birmingham, Perry Barr","22,600","23,800","25,000"
E14000567,"Birmingham, Selly Oak","27,700","29,300","30,800"
E14000568,"Birmingham, Yardley","24,200","25,600","27,100"
E14000605,Bromsgrove,"33,400","35,400","37,400"
E14000610,Burton,"27,300","28,700","30,100"
E14000618,Cannock Chase,"26,000","27,300","28,700"
E14000649,Coventry North East,"24,600","25,800","27,000"
E14000650,Coventry North West,"25,900","27,100","28,400"
E14000651,Coventry South,"26,600","28,000","29,400"
E14000671,Dudley North,"25,100","26,600","28,100"
E14000672,Dudley South,"26,100","27,900","29,600"
E14000722,Halesowen and Rowley Regis,"26,600","28,300","30,100"
E14000743,Hereford and South Herefordshire,"24,900","26,400","27,800"
E14000767,Kenilworth and Southam,"37,000","40,800","44,700"
E14000791,Lichfield,"31,200","34,700","38,100"
E14000799,Ludlow,"26,900","29,300","31,800"
E14000812,Meriden,"33,500","35,600","37,600"
E14000818,Mid Worcestershire,"28,200","30,200","32,300"
E14000834,Newcastle-under-Lyme,"25,400","26,900","28,300"
E14000847,North Herefordshire,"25,600","27,300","28,900"
E14000849,North Shropshire,"25,900","27,400","28,800"
E14000854,North Warwickshire,"26,600","28,400","30,200"
E14000868,Nuneaton,"27,100","28,700","30,200"
E14000892,Redditch,"25,900","27,400","29,000"
E14000905,Rugby,"30,200","31,700","33,100"
E14000926,Shrewsbury and Atcham,"26,900","28,500","30,200"
E14000931,Solihull,"33,400","35,500","37,600"
E14000945,South Staffordshire,"29,100","30,800","32,500"
E14000965,Stafford,"27,500","29,000","30,400"
E14000966,Staffordshire Moorlands,"25,900","27,900","29,900"
E14000972,Stoke-on-Trent Central,"22,400","23,600","24,800"
E14000973,Stoke-on-Trent North,"22,900","24,000","25,200"
E14000974,Stoke-on-Trent South,"23,000","24,200","25,300"
E14000975,Stone,"29,800","32,700","35,500"
E14000976,Stourbridge,"26,400","28,100","29,700"
E14000977,Stratford-on-Avon,"35,500","38,400","41,300"
E14000985,Sutton Coldfield,"32,300","34,200","36,200"
E14000986,Tamworth,"28,000","29,900","31,700"
E14000989,Telford,"24,200","25,400","26,600"
E14000992,The Wrekin,"28,100","29,700","31,400"
E14001011,Walsall North,"22,600","23,800","25,000"
E14001012,Walsall South,"23,600","25,000","26,300"
E14001016,Warley,"23,600","24,800","26,000"
E14001019,Warwick and Leamington,"33,500","35,600","37,600"
E14001029,West Bromwich East,"23,900","25,300","26,700"
E14001030,West Bromwich West,"22,400","23,400","24,500"
E14001035,West Worcestershire,"30,100","32,300","34,500"
E14001049,Wolverhampton North East,"23,300","24,500","25,700"
E14001050,Wolverhampton South East,"23,500","24,800","26,000"
E14001051,Wolverhampton South West,"24,500","26,100","27,600"
E14001052,Worcester,"27,000","28,600","30,100"
E14001058,Wyre Forest,"25,900","28,200","30,500"
,,,,
E12000006,East of England,"33,700","34,000","34,200"
,,,,
E14000544,Basildon and Billericay,"34,900","37,100","39,300"
E14000552,Bedford,"28,600","30,100","31,500"
E14000590,Braintree,"31,700","33,900","36,000"
E14000594,Brentwood and Ongar,"44,400","48,400","52,400"
E14000603,Broadland,"25,300","27,000","28,600"
E14000606,Broxbourne,"32,800","35,300","37,700"
E14000613,Bury St Edmunds,"28,400","30,000","31,600"
E14000617,Cambridge,"37,400","39,500","41,700"
E14000622,Castle Point,"31,400","33,600","35,800"
E14000624,Central Suffolk and North Ipswich,"30,200","32,200","34,300"
E14000628,Chelmsford,"36,000","38,200","40,500"
E14000642,Clacton,"22,000","23,400","24,800"
E14000644,Colchester,"29,500","31,000","32,400"
E14000693,Epping Forest,"40,600","43,800","47,000"
E14000717,Great Yarmouth,"22,800","24,400","26,000"
E14000729,Harlow,"28,200","29,800","31,400"
E14000734,Harwich and North Essex,"31,700","33,900","36,000"
E14000739,Hemel Hempstead,"31,900","33,800","35,700"
E14000744,Hertford and Stortford,"39,400","41,500","43,600"
E14000745,Hertsmere,"37,800","40,300","42,800"
E14000749,Hitchin and Harpenden,"48,400","51,900","55,400"
E14000757,Huntingdon,"30,400","31,800","33,300"
E14000761,Ipswich,"26,000","27,500","28,900"
E14000800,Luton North,"26,300","27,800","29,300"
E14000801,Luton South,"27,200","28,500","29,800"
E14000806,Maldon,"34,300","36,700","39,100"
E14000813,Mid Bedfordshire,"35,500","37,300","39,100"
E14000816,Mid Norfolk,"26,100","27,500","28,900"
E14000841,North East Bedfordshire,"34,200","36,000","37,700"
E14000842,North East Cambridgeshire,"25,300","26,500","27,800"
E14000845,North East Hertfordshire,"35,600","38,700","41,900"
E14000848,North Norfolk,"22,100","24,000","26,000"
E14000855,North West Cambridgeshire,"30,100","31,500","33,000"
E14000859,North West Norfolk,"24,500","26,000","27,500"
E14000863,Norwich North,"23,400","24,800","26,100"
E14000864,Norwich South,"26,200","27,700","29,100"
E14000878,Peterborough,"23,400","24,400","25,500"
E14000888,Rayleigh and Wickford,"34,600","36,600","38,600"
E14000899,Rochford and Southend East,"28,700","30,300","32,000"
E14000910,Saffron Walden,"40,500","43,400","46,300"
E14000933,South Basildon and East Thurrock,"31,500","33,100","34,700"
E14000934,South Cambridgeshire,"38,500","40,700","43,000"
E14000937,South East Cambridgeshire,"31,300","32,900","34,500"
E14000941,South Norfolk,"28,300","30,100","31,800"
E14000946,South Suffolk,"31,400","34,000","36,600"
E14000949,South West Bedfordshire,"30,800","32,300","33,800"
E14000951,South West Hertfordshire,"45,800","49,100","52,400"
E14000952,South West Norfolk,"25,600","27,300","28,900"
E14000957,Southend West,"34,800","37,100","39,300"
E14000960,St Albans,"45,400","48,000","50,700"
E14000968,Stevenage,"31,100","32,700","34,300"
E14000981,Suffolk Coastal,"27,500","29,400","31,300"
E14000995,Thurrock,"28,500","29,800","31,100"
E14001021,Watford,"33,000","34,500","36,000"
E14001022,Waveney,"24,500","26,000","27,500"
E14001027,Welwyn Hatfield,"34,800","36,800","38,900"
E14001034,West Suffolk,"27,000","29,000","30,900"
E14001045,Witham,"33,600","36,000","38,300"
,,,,
E12000007,London,"44,700","45,000","45,400"
,,,,
E14000540,Barking,"27,000","28,200","29,400"
E14000549,Battersea,"63,700","67,800","72,000"
E14000551,Beckenham,"41,900","44,600","47,300"
E14000553,Bermondsey and Old Southwark,"46,300","48,500","50,700"
E14000555,Bethnal Green and Bow,"37,800","40,100","42,400"
E14000558,Bexleyheath and Crayford,"31,700","33,300","35,000"
E14000591,Brent Central,"30,100","32,200","34,200"
E14000592,Brent North,"28,200","29,400","30,600"
E14000593,Brentford and Isleworth,"44,800","47,700","50,600"
E14000604,Bromley and Chislehurst,"41,100","43,800","46,500"
E14000615,Camberwell and Peckham,"34,400","35,900","37,300"
E14000621,Carshalton and Wallington,"33,400","35,200","37,000"
E14000629,Chelsea and Fulham,"97,800","107,000","116,000"
E14000634,Chingford and Woodford Green,"34,900","37,200","39,400"
E14000636,Chipping Barnet,"40,600","43,500","46,400"
E14000639,Cities of London and Westminster,"99,300","107,000","116,000"
E14000654,Croydon Central,"31,200","32,700","34,200"
E14000655,Croydon North,"29,400","30,700","32,000"
E14000656,Croydon South,"39,100","41,400","43,700"
E14000657,Dagenham and Rainham,"28,400","29,800","31,200"
E14000673,Dulwich and West Norwood,"43,100","45,800","48,500"
E14000674,Ealing Central and Acton,"46,100","48,800","51,400"
E14000675,Ealing North,"29,400","30,800","32,200"
E14000676,"Ealing, Southall","29,000","30,500","31,900"
E14000679,East Ham,"27,700","28,900","30,100"
E14000687,Edmonton,"27,000","28,400","29,800"
E14000690,Eltham,"34,600","36,700","38,900"
E14000691,Enfield North,"29,500","31,100","32,600"
E14000692,"Enfield, Southgate","37,100","40,100","43,200"
E14000696,Erith and Thamesmead,"28,100","29,300","30,600"
E14000701,Feltham and Heston,"27,400","28,600","29,700"
E14000703,Finchley and Golders Green,"46,200","50,600","55,100"
E14000718,Greenwich and Woolwich,"43,700","46,300","48,800"
E14000720,Hackney North and Stoke Newington,"36,200","38,100","39,900"
E14000721,Hackney South and Shoreditch,"42,100","44,600","47,200"
E14000726,Hammersmith,"49,800","53,900","58,100"
E14000727,Hampstead and Kilburn,"66,700","71,700","76,600"
E14000731,Harrow East,"30,800","32,600","34,300"
E14000732,Harrow West,"32,300","34,100","35,800"
E14000737,Hayes and Harlington,"27,700","29,000","30,300"
E14000741,Hendon,"34,400","36,800","39,100"
E14000750,Holborn and St Pancras,"51,300","55,200","59,200"
E14000751,Hornchurch and Upminster,"36,900","38,900","40,900"
E14000752,Hornsey and Wood Green,"49,500","52,600","55,800"
E14000759,Ilford North,"31,400","32,900","34,500"
E14000760,Ilford South,"28,800","30,400","31,900"
E14000763,Islington North,"47,500","50,700","53,800"
E14000764,Islington South and Finsbury,"56,600","60,400","64,200"
E14000768,Kensington,"109,000","119,000","129,000"
E14000770,Kingston and Surbiton,"39,600","41,600","43,500"
E14000787,Lewisham East,"35,500","38,000","40,500"
E14000788,Lewisham West and Penge,"36,700","38,600","40,500"
E14000789,"Lewisham, Deptford","34,100","35,700","37,300"
E14000790,Leyton and Wanstead,"33,600","35,300","37,000"
E14000823,Mitcham and Morden,"29,400","30,700","32,000"
E14000869,Old Bexley and Sidcup,"34,600","36,600","38,600"
E14000872,Orpington,"41,200","43,700","46,200"
E14000882,Poplar and Limehouse,"49,900","52,600","55,400"
E14000887,Putney,"57,600","61,800","66,000"
E14000896,Richmond Park,"67,200","72,500","77,800"
E14000900,Romford,"33,300","34,900","36,500"
E14000906,"Ruislip, Northwood and Pinner","40,900","43,300","45,700"
E14000978,Streatham,"42,500","44,800","47,100"
E14000984,Sutton and Cheam,"37,100","39,100","41,200"
E14000998,Tooting,"51,800","55,200","58,600"
E14001002,Tottenham,"27,200","28,500","29,800"
E14001005,Twickenham,"52,700","56,600","60,500"
E14001007,Uxbridge and South Ruislip,"34,300","36,000","37,700"
E14001008,Vauxhall,"43,800","46,200","48,500"
E14001013,Walthamstow,"31,200","32,600","34,100"
E14001032,West Ham,"30,800","32,500","34,200"
E14001036,Westminster North,"75,200","82,800","90,300"
E14001040,Wimbledon,"61,700","66,800","71,800"
,,,,
E12000008,South East,"36,500","36,800","37,100"
,,,,
E14000530,Aldershot,"29,600","30,900","32,300"
E14000534,Arundel and South Downs,"35,900","39,500","43,000"
E14000536,Ashford,"30,900","32,800","34,600"
E14000538,Aylesbury,"33,100","34,700","36,200"
E14000539,Banbury,"31,500","33,000","34,500"
E14000545,Basingstoke,"32,300","33,900","35,400"
E14000550,Beaconsfield,"48,100","52,000","55,800"
E14000557,Bexhill and Battle,"26,400","28,300","30,100"
E14000576,Bognor Regis and Littlehampton,"24,100","25,200","26,400"
E14000586,Bracknell,"33,800","36,000","38,200"
E14000597,"Brighton, Kemptown","26,700","28,600","30,600"
E14000598,"Brighton, Pavilion","29,700","31,200","32,700"
E14000608,Buckingham,"40,900","43,500","46,000"
E14000619,Canterbury,"30,100","32,000","33,900"
E14000626,Chatham and Aylesford,"26,900","28,200","29,600"
E14000631,Chesham and Amersham,"52,700","57,900","63,100"
E14000633,Chichester,"34,400","37,000","39,600"
E14000652,Crawley,"28,300","29,600","31,000"
E14000659,Dartford,"32,300","33,900","35,500"
E14000670,Dover,"25,000","26,800","28,700"
E14000680,East Hampshire,"38,200","40,900","43,600"
E14000681,East Surrey,"41,100","43,700","46,300"
E14000682,East Worthing and Shoreham,"28,000","29,700","31,400"
E14000684,Eastbourne,"24,200","25,600","27,000"
E14000685,Eastleigh,"29,900","31,500","33,100"
E14000694,Epsom and Ewell,"40,700","43,000","45,300"
E14000697,Esher and Walton,"65,000","70,600","76,300"
E14000699,Fareham,"31,200","33,000","34,900"
E14000700,Faversham and Mid Kent,"31,400","34,300","37,100"
E14000704,Folkestone and Hythe,"30,300","32,400","34,400"
E14000711,Gillingham and Rainham,"27,700","29,300","31,000"
E14000713,Gosport,"28,000","29,700","31,400"
E14000715,Gravesham,"29,500","31,200","32,800"
E14000719,Guildford,"44,100","47,900","51,700"
E14000735,Hastings and Rye,"24,400","25,700","27,000"
E14000736,Havant,"27,900","29,500","31,100"
E14000742,Henley,"44,900","53,800","62,700"
E14000753,Horsham,"35,000","36,900","38,800"
E14000755,Hove,"32,500","35,000","37,500"
E14000762,Isle of Wight,"23,500","24,900","26,400"
E14000786,Lewes,"32,700","36,500","40,300"
E14000803,Maidenhead,"48,200","52,300","56,400"
E14000804,Maidstone and The Weald,"30,700","32,500","34,200"
E14000811,Meon Valley,"33,700","35,800","37,800"
E14000817,Mid Sussex,"37,500","39,900","42,400"
E14000821,Milton Keynes North,"30,100","31,400","32,700"
E14000822,Milton Keynes South,"30,900","32,300","33,600"
E14000824,Mole Valley,"44,400","48,700","53,000"
E14000827,New Forest East,"28,800","30,600","32,500"
E14000828,New Forest West,"27,700","30,100","32,500"
E14000830,Newbury,"37,100","39,400","41,700"
E14000844,North East Hampshire,"45,400","48,400","51,500"
E14000852,North Thanet,"24,800","26,400","27,900"
E14000857,North West Hampshire,"32,900","34,900","36,900"
E14000873,Oxford East,"29,900","31,300","32,800"
E14000874,Oxford West and Abingdon,"34,500","37,300","40,200"
E14000883,Portsmouth North,"25,200","26,500","27,800"
E14000884,Portsmouth South,"25,900","27,300","28,800"
E14000889,Reading East,"34,900","36,600","38,300"
E14000890,Reading West,"30,300","31,800","33,300"
E14000893,Reigate,"41,600","44,000","46,400"
E14000898,Rochester and Strood,"29,900","31,400","32,800"
E14000901,Romsey and Southampton North,"34,400","37,800","41,200"
E14000907,Runnymede and Weybridge,"49,900","54,800","59,600"
E14000918,Sevenoaks,"50,600","55,600","60,500"
E14000927,Sittingbourne and Sheppey,"27,400","28,800","30,100"
E14000930,Slough,"28,900","30,400","31,900"
E14000948,South Thanet,"27,000","28,800","30,700"
E14000953,South West Surrey,"46,200","49,800","53,300"
E14000955,"Southampton, Itchen","25,500","26,700","27,900"
E14000956,"Southampton, Test","25,400","26,600","27,800"
E14000959,Spelthorne,"36,500","39,000","41,600"
E14000983,Surrey Heath,"40,600","43,300","45,900"
E14000997,Tonbridge and Malling,"40,800","43,700","46,500"
E14001004,Tunbridge Wells,"41,000","44,200","47,300"
E14001015,Wantage,"35,000","37,200","39,400"
E14001023,Wealden,"34,000","36,900","39,800"
E14001041,Winchester,"38,900","41,700","44,400"
E14001042,Windsor,"47,700","51,800","55,800"
E14001046,Witney,"31,500","34,100","36,700"
E14001047,Woking,"43,000","45,600","48,200"
E14001048,Wokingham,"43,300","45,500","47,700"
E14001055,Worthing West,"26,400","27,900","29,400"
E14001056,Wycombe,"33,600","36,600","39,700"
,,,,
E12000009,South West,"28,300","28,500","28,800"
,,,,
E14000547,Bath,"30,200","32,400","34,500"
E14000584,Bournemouth East,"27,400","28,800","30,300"
E14000585,Bournemouth West,"24,100","25,600","27,100"
E14000595,Bridgwater and West Somerset,"25,200","26,700","28,300"
E14000599,Bristol East,"25,100","26,300","27,400"
E14000600,Bristol North West,"29,300","30,800","32,400"
E14000601,Bristol South,"25,900","27,100","28,300"
E14000602,Bristol West,"31,200","32,600","34,000"
E14000616,Camborne and Redruth,"21,900","23,200","24,600"
E14000623,Central Devon,"24,800","26,300","27,900"
E14000630,Cheltenham,"30,700","32,900","35,100"
E14000635,Chippenham,"29,600","31,300","33,000"
E14000638,Christchurch,"28,200","30,200","32,200"
E14000665,Devizes,"32,600","34,800","37,000"
E14000678,East Devon,"24,900","26,600","28,200"
E14000698,Exeter,"25,100","26,300","27,600"
E14000702,Filton and Bradley Stoke,"28,200","29,600","31,000"
E14000705,Forest of Dean,"26,800","28,700","30,500"
E14000712,Gloucester,"25,400","26,500","27,600"
E14000774,Kingswood,"27,100","28,700","30,200"
E14000815,Mid Dorset and North Poole,"26,600","28,300","29,900"
E14000835,Newton Abbot,"24,200","25,800","27,300"
E14000837,North Cornwall,"21,600","22,800","24,000"
E14000838,North Devon,"23,800","25,300","26,800"
E14000839,North Dorset,"28,200","30,100","31,900"
E14000846,North East Somerset,"29,000","31,500","33,900"
E14000850,North Somerset,"31,100","32,900","34,700"
E14000851,North Swindon,"29,600","31,000","32,400"
E14000860,North Wiltshire,"32,000","34,000","35,900"
E14000879,"Plymouth, Moor View","24,900","26,300","27,700"
E14000880,"Plymouth, Sutton and Devonport","25,100","26,400","27,600"
E14000881,Poole,"28,400","30,700","32,900"
E14000912,Salisbury,"29,200","31,000","32,800"
E14000932,Somerton and Frome,"27,000","29,600","32,100"
E14000936,South Dorset,"22,900","24,300","25,600"
E14000938,South East Cornwall,"25,000","26,800","28,600"
E14000947,South Swindon,"29,900","31,400","32,900"
E14000950,South West Devon,"26,200","27,700","29,200"
E14000954,South West Wiltshire,"26,000","27,800","29,700"
E14000961,St Austell and Newquay,"22,500","23,700","25,000"
E14000964,St Ives,"20,900","22,400","23,800"
E14000980,Stroud,"28,600","30,300","31,900"
E14000988,Taunton Deane,"25,900","27,200","28,600"
E14000990,Tewkesbury,"30,000","31,700","33,400"
E14000991,The Cotswolds,"33,000","35,100","37,300"
E14000994,Thornbury and Yate,"29,200","31,000","32,700"
E14000996,Tiverton and Honiton,"23,900","25,400","26,800"
E14000999,Torbay,"22,500","23,800","25,100"
E14001000,Torridge and West Devon,"23,600","25,200","26,900"
E14001001,Totnes,"22,900","25,000","27,000"
E14001003,Truro and Falmouth,"24,700","26,800","29,000"
E14001026,Wells,"26,300","28,000","29,800"
E14001031,West Dorset,"25,700","27,500","29,200"
E14001038,Weston-Super-Mare,"25,700","27,200","28,700"
E14001060,Yeovil,"24,600","26,000","27,300"
,,,,
W92,Wales,"26,900","27,200","27,400"
,,,,
W07000049,Aberavon,"24,800","26,400","28,100"
W07000058,Aberconwy,"22,700","24,200","25,700"
W07000043,Alyn and Deeside,"26,300","27,900","29,400"
W07000057,Arfon,"24,100","25,700","27,300"
W07000072,Blaenau Gwent,"22,300","23,700","25,000"
W07000068,Brecon and Radnorshire,"24,100","26,000","28,000"
W07000073,Bridgend,"26,300","28,000","29,600"
W07000076,Caerphilly,"25,900","27,600","29,200"
W07000050,Cardiff Central,"26,700","28,500","30,400"
W07000051,Cardiff North,"30,500","32,400","34,200"
W07000080,Cardiff South and Penarth,"27,700","29,400","31,200"
W07000079,Cardiff West,"29,400","31,200","32,900"
W07000067,Carmarthen East and Dinefwr,"23,800","25,600","27,300"
W07000066,Carmarthen West and South Pembrokeshire,"25,200","27,300","29,400"
W07000064,Ceredigion,"22,700","24,500","26,200"
W07000062,Clwyd South,"25,600","27,300","29,100"
W07000059,Clwyd West,"23,800","25,600","27,400"
W07000070,Cynon Valley,"24,100","25,900","27,700"
W07000042,Delyn,"25,500","27,200","28,900"
W07000061,Dwyfor Meirionnydd,"21,400","23,300","25,100"
W07000046,Gower,"26,700","28,500","30,200"
W07000077,Islwyn,"25,900","27,400","28,900"
W07000045,Llanelli,"23,100","24,600","26,100"
W07000071,Merthyr Tydfil and Rhymney,"22,800","24,400","26,000"
W07000054,Monmouth,"30,100","32,100","34,200"
W07000063,Montgomeryshire,"22,500","24,400","26,200"
W07000069,Neath,"24,700","26,300","28,000"
W07000055,Newport East,"26,600","28,300","30,000"
W07000056,Newport West,"27,000","28,600","30,100"
W07000074,Ogmore,"25,600","27,100","28,600"
W07000075,Pontypridd,"26,000","27,400","28,800"
W07000065,Preseli Pembrokeshire,"22,800","24,500","26,200"
W07000052,Rhondda,"23,200","24,700","26,200"
W07000048,Swansea East,"23,800","25,400","27,000"
W07000047,Swansea West,"25,800","27,500","29,200"
W07000053,Torfaen,"23,900","25,400","26,900"
W07000060,Vale of Clwyd,"23,200","24,600","26,000"
W07000078,Vale of Glamorgan,"28,800","30,600","32,500"
W07000044,Wrexham,"25,600","27,200","28,800"
W07000041,Ynys Môn,"25,100","27,800","30,500"
,,,,
S92,Scotland,"29,700","30,000","30,200"
,,,,
S14000001,Aberdeen North,"29,500","31,400","33,400"
S14000002,Aberdeen South,"38,700","41,700","44,700"
S14000003,Airdrie and Shotts,"25,000","26,300","27,500"
S14000004,Angus,"26,500","28,100","29,700"
S14000005,Argyll and Bute,"25,600","27,200","28,700"
S14000006,"Ayr, Carrick and Cumnock","25,000","26,700","28,500"
S14000007,Banff and Buchan,"28,400","30,100","31,800"
S14000008,"Berwickshire, Roxburgh and Selkirk","25,400","27,000","28,500"
S14000009,"Caithness, Sutherland and Easter Ross","25,500","27,500","29,500"
S14000010,Central Ayrshire,"27,200","29,000","30,800"
S14000011,"Coatbridge, Chryston and Bellshill","26,800","29,700","32,600"
S14000012,"Cumbernauld, Kilsyth and Kirkintilloch East","28,000","29,700","31,300"
S14000013,Dumfries and Galloway,"22,600","23,800","25,000"
S14000014,"Dumfriesshire, Clydesdale and Tweeddale","25,800","27,400","29,000"
S14000015,Dundee East,"25,700","27,200","28,800"
S14000016,Dundee West,"25,500","26,900","28,400"
S14000017,Dunfermline and West Fife,"28,900","30,400","31,900"
S14000018,East Dunbartonshire,"32,000","34,200","36,400"
S14000019,"East Kilbride, Strathaven and Lesmahagow","28,200","29,700","31,200"
S14000020,East Lothian,"29,600","32,500","35,300"
S14000021,East Renfrewshire,"31,900","33,700","35,500"
S14000022,Edinburgh East,"27,500","29,000","30,500"
S14000023,Edinburgh North and Leith,"34,400","36,300","38,200"
S14000024,Edinburgh South,"36,000","39,600","43,100"
S14000025,Edinburgh South West,"31,900","34,500","37,100"
S14000026,Edinburgh West,"35,500","38,000","40,500"
S14000028,Falkirk,"27,000","28,400","29,800"
S14000029,Glasgow Central,"28,500","31,500","34,500"
S14000030,Glasgow East,"23,600","24,800","26,000"
S14000031,Glasgow North,"30,700","33,100","35,400"
S14000032,Glasgow North East,"23,300","24,400","25,500"
S14000033,Glasgow North West,"28,300","30,000","31,800"
S14000034,Glasgow South,"27,700","29,300","30,900"
S14000035,Glasgow South West,"24,000","25,300","26,700"
S14000036,Glenrothes,"24,600","26,200","27,700"
S14000037,Gordon,"33,600","35,400","37,200"
S14000038,Inverclyde,"25,600","27,100","28,700"
S14000039,"Inverness, Nairn, Badenoch and Strathspey","25,600","26,900","28,300"
S14000040,Kilmarnock and Loudoun,"27,000","28,500","29,900"
S14000041,Kirkcaldy and Cowdenbeath,"25,700","27,500","29,300"
S14000042,Lanark and Hamilton East,"27,900","29,400","30,900"
S14000043,Linlithgow and East Falkirk,"27,700","29,100","30,400"
S14000044,Livingston,"28,400","30,000","31,500"
S14000045,Midlothian,"28,000","30,000","32,100"
S14000046,Moray,"27,100","29,000","30,800"
S14000047,Motherwell and Wishaw,"26,600","28,000","29,400"
S14000027,Na h-Eileanan an Iar,"22,800","25,300","27,900"
S14000048,North Ayrshire and Arran,"26,600","28,200","29,800"
S14000049,North East Fife,"26,300","30,900","35,400"
S14000050,Ochil and South Perthshire,"28,300","30,000","31,600"
S14000051,Orkney and Shetland,"24,000","25,900","27,900"
S14000052,Paisley and Renfrewshire North,"28,200","29,700","31,200"
S14000053,Paisley and Renfrewshire South,"25,800","27,200","28,600"
S14000054,Perth and North Perthshire,"24,500","26,000","27,500"
S14000055,"Ross, Skye and Lochaber","23,500","25,000","26,600"
S14000056,Rutherglen and Hamilton West,"28,000","29,400","30,700"
S14000057,Stirling,"31,500","33,800","36,200"
S14000058,West Aberdeenshire and Kincardine,"39,100","41,600","44,000"
S14000059,West Dunbartonshire,"25,600","26,900","28,200"
,,,,
N92,Northern Ireland,"26,300","26,700","27,000"
,,,,
N06000001,Belfast East,"25,600","26,900","28,300"
N06000002,Belfast North,"23,300","24,500","25,600"
N06000003,Belfast South,"31,800","34,100","36,500"
N06000004,Belfast West,"22,300","23,500","24,700"
N06000005,East Antrim,"26,000","27,500","29,100"
N06000006,East Londonderry,"24,700","26,100","27,600"
N06000007,Fermanagh & South Tyrone,"23,000","24,000","25,100"
N06000008,Foyle,"23,500","25,000","26,400"
N06000009,Lagan Valley,"28,600","30,100","31,500"
N06000010,Mid Ulster,"25,600","27,000","28,300"
N06000011,Newry & Armagh,"22,700","23,700","24,800"
N06000012,North Antrim,"24,000","25,100","26,300"
N06000013,North Down,"27,000","28,800","30,700"
N06000014,South Antrim,"26,600","27,900","29,200"
N06000015,South Down,"26,300","27,900","29,500"
N06000016,Strangford,"24,500","26,000","27,400"
N06000017,Upper Bann,"24,800","25,900","27,000"
N06000018,West Tyrone,"22,700","24,000","25,300"
